{"silhouette_score": 0.2966, "inertia": 3105.62, "features": ["Recency", "Frequency", "Monetary_Log", "Avg_Items", "Unique_Products", "Wishlist_Count", "Add_to_Cart_Count", "Page_Views"], "feature_readable": ["Recency", "Frequency", "Monetary", "Avg Items", "Unique Prod", "Wishlist", "Add Cart", "Views"], "cluster_names": ["Newbie", "Window Shopper", "Loyalist", "Sultan"], "centroids_scaled": [[1.5442919403283244, -0.9925312848215253, -1.2277495349816907, -0.11809355953673278, -0.7514533232390564, 0.05068961070993607, -0.9797928088701189, -1.1780259595503866], [-0.16430041932654105, -0.7506259644971107, -0.5384672889074643, 0.02443315024897925, -0.5490346274484746, -0.03140889988775174, -0.7475957989284139, 1.2352811702211213], [-0.683502146137318, 0.5217044115012123, 0.8291543288631362, 0.1866968537169985, 0.03620918405911336, 0.06100208247122921, 0.5125276813055303, -0.07170434962615628], [-0.7005906049888276, 1.442426025075175, 0.9711387580248252, -0.18137327542279516, 1.6520902137555669, -0.12489906985066888, 1.4366503723416773, 0.04165550377065545]], "centroids_real": [{"Recency": 59.884, "Frequency": 1.9520000000000017, "Avg_Items": 2.8288, "Unique_Products": 1.480000000000003, "Wishlist_Count": 5.112, "Add_to_Cart_Count": 4.619999999999999, "Page_Views": 5.335999999999963, "Monetary": 28.448916391573142}, {"Recency": 18.464, "Frequency": 5.516, "Avg_Items": 2.9968, "Unique_Products": 3.4200000000000035, "Wishlist_Count": 4.848, "Add_to_Cart_Count": 8.047999999999995, "Page_Views": 103.124, "Monetary": 120.55724880753715}, {"Recency": 5.877419354838715, "Frequency": 24.261290322580646, "Avg_Items": 3.188064516129032, "Unique_Products": 9.029032258064516, "Wishlist_Count": 5.145161290322581, "Add_to_Cart_Count": 26.651612903225804, "Page_Views": 50.16451612903226, "Monetary": 2024.0188227292992}, {"Recency": 5.463157894736842, "Frequency": 37.82631578947368, "Avg_Items": 2.7542105263157897, "Unique_Products": 24.515789473684208, "Wishlist_Count": 4.5473684210526315, "Add_to_Cart_Count": 40.294736842105266, "Page_Views": 54.757894736842104, "Monetary": 2710.80684136517}], "cluster_counts": {"0": 250, "1": 250, "2": 310, "3": 190}, "pca_variance": [49.97, 15.2], "elbow_curve": {"2": 4811.08, "3": 3630.8, "4": 3105.62, "5": 2838.41, "6": 2637.85, "7": 2447.66, "8": 2259.52, "9": 2150.84}, "global_stats": {"mean": [22.447, 16.575, 5.907914617981991, 2.968, 8.682, 4.949, 19.085, 53.07], "std": [24.242177934335846, 14.733036855991367, 2.056818130623202, 1.1787264313656498, 9.584094949446191, 3.2156490791129557, 14.763325336793198, 40.520329465590486]}}