{"silhouette_score": 0.2951, "inertia": 3105.85, "features": ["Recency", "Frequency", "Monetary_Log", "Avg_Items", "Unique_Products", "Wishlist_Count", "Add_to_Cart_Count", "Page_Views"], "feature_readable": ["Recency", "Frequency", "Monetary", "Avg Items", "Unique Prod", "Wishlist", "Add Cart", "Views"], "cluster_names": ["Newbie", "Window Shopper", "Loyalist", "Sultan"], "centroids_scaled": [[1.5548589763901919, -1.0076296368106745, -1.236947282990747, 0.009639666714494965, -0.7415231173256194, -0.011959052490906829, -0.9916187845220982, -1.200314829822427], [-0.18202224907995107, -0.7372889103556766, -0.5246511211413053, -0.08601948758729766, -0.5480497246419312, 0.015093362145571167, -0.7449595560536538, 1.1917903197012767], [-0.6882986576034212, 0.5664339246205627, 0.839682986610666, -0.08647264448017426, 0.036235508176276326, 0.016806310105727477, 0.5616961663225194, -0.04148927856978123], [-0.6858611825156287, 1.43337997695923, 0.9628427722029833, 0.26370052575238184, 1.7489306859098026, -0.03479492314466397, 1.430253232081252, 0.08009772826677602]], "centroids_real": [{"Recency": 61.092, "Frequency": 1.872000000000007, "Avg_Items": 3.046, "Unique_Products": 1.4439999999999955, "Wishlist_Count": 4.992, "Add_to_Cart_Count": 4.540000000000001, "Page_Views": 5.6880000000000095, "Monetary": 27.1902962829175}, {"Recency": 18.09163346613546, "Frequency": 5.6852589641434275, "Avg_Items": 2.933864541832669, "Unique_Products": 3.2709163346613543, "Wishlist_Count": 5.075697211155378, "Add_to_Cart_Count": 8.02788844621514, "Page_Views": 100.20717131474103, "Monetary": 121.59746159591853}, {"Recency": 5.557632398753903, "Frequency": 24.07476635514019, "Avg_Items": 2.9333333333333336, "Unique_Products": 8.78816199376947, "Wishlist_Count": 5.080996884735202, "Add_to_Cart_Count": 26.50467289719626, "Page_Views": 51.47663551401869, "Monetary": 2046.5752805722832}, {"Recency": 5.617977528089888, "Frequency": 36.30337078651685, "Avg_Items": 3.343820224719101, "Unique_Products": 24.960674157303373, "Wishlist_Count": 4.921348314606742, "Add_to_Cart_Count": 38.78651685393258, "Page_Views": 56.28089887640449, "Monetary": 2639.0945747974265}], "cluster_counts": {"0": 250, "1": 251, "2": 321, "3": 178}, "pca_variance": [50.16, 15.26], "elbow_curve": {"2": 4811.11, "3": 3619.6, "4": 3105.85, "5": 2811.58, "6": 2611.11, "7": 2411.48, "8": 2233.11, "9": 2114.86}, "global_stats": {"mean": [22.598, 16.085, 5.891601521063727, 3.0347, 8.446, 5.029, 18.562, 53.116], "std": [24.757229166447523, 14.105381065394866, 2.063647934621455, 1.1722396981846332, 9.44272651303637, 3.093890592765038, 14.140514700674794, 39.51296678307009]}, "advanced_viz": {"pca_scatter": [{"x": -2.4, "y": -0.02, "cluster": 0}, {"x": -2.28, "y": -0.49, "cluster": 0}, {"x": 0.47, "y": 0.65, "cluster": 2}, {"x": 3.03, "y": -0.37, "cluster": 3}, {"x": -2.47, "y": -0.97, "cluster": 0}, {"x": -2.86, "y": -1.19, "cluster": 0}, {"x": 0.75, "y": -0.55, "cluster": 2}, {"x": 1.15, "y": -0.51, "cluster": 2}, {"x": 1.92, "y": 0.84, "cluster": 2}, {"x": 2.35, "y": -1.03, "cluster": 3}, {"x": 0.7, "y": 0.01, "cluster": 2}, {"x": -0.76, "y": 1.67, "cluster": 1}, {"x": 0.86, "y": -1.03, "cluster": 2}, {"x": -1.19, "y": 1.95, "cluster": 1}, {"x": 1.37, "y": -0.96, "cluster": 2}, {"x": -2.75, "y": -1.34, "cluster": 0}, {"x": -0.77, "y": 2.6, "cluster": 1}, {"x": 1.51, "y": -0.26, "cluster": 2}, {"x": 2.03, "y": 1.06, "cluster": 2}, {"x": 2.73, "y": 0.59, "cluster": 3}, {"x": 1.22, "y": -0.16, "cluster": 2}, {"x": -1.05, "y": 1.11, "cluster": 1}, {"x": 2.29, "y": -0.07, "cluster": 2}, {"x": -2.15, "y": -1.28, "cluster": 0}, {"x": 0.56, "y": 0.2, "cluster": 2}, {"x": -0.9, "y": 1.49, "cluster": 1}, {"x": -2.33, "y": -0.66, "cluster": 0}, {"x": -2.58, "y": -0.84, "cluster": 0}, {"x": -0.54, "y": 0.99, "cluster": 1}, {"x": 1.12, "y": -0.34, "cluster": 2}, {"x": 2.76, "y": 0.21, "cluster": 3}, {"x": 4.22, "y": -0.66, "cluster": 3}, {"x": 2.4, "y": -0.87, "cluster": 3}, {"x": -2.48, "y": -0.2, "cluster": 0}, {"x": -2.32, "y": -0.56, "cluster": 0}, {"x": 2.55, "y": -0.38, "cluster": 3}, {"x": 1.47, "y": 0.0, "cluster": 2}, {"x": -2.04, "y": -0.37, "cluster": 0}, {"x": -2.98, "y": -1.37, "cluster": 0}, {"x": -0.7, "y": 1.11, "cluster": 1}, {"x": -2.81, "y": -1.41, "cluster": 0}, {"x": -2.62, "y": -0.11, "cluster": 0}, {"x": -2.5, "y": -1.05, "cluster": 0}, {"x": -0.58, "y": 2.43, "cluster": 1}, {"x": -2.12, "y": -0.59, "cluster": 0}, {"x": 0.3, "y": 0.66, "cluster": 2}, {"x": -3.17, "y": -1.44, "cluster": 0}, {"x": 1.34, "y": -1.16, "cluster": 2}, {"x": 1.77, "y": 0.12, "cluster": 2}, {"x": -0.57, "y": 2.47, "cluster": 1}, {"x": -0.83, "y": 1.14, "cluster": 1}, {"x": 1.31, "y": -0.79, "cluster": 2}, {"x": 2.1, "y": 0.33, "cluster": 2}, {"x": -2.22, "y": -0.32, "cluster": 0}, {"x": -0.3, "y": 1.39, "cluster": 1}, {"x": 0.41, "y": 1.14, "cluster": 2}, {"x": 1.85, "y": -0.17, "cluster": 2}, {"x": 2.77, "y": 0.71, "cluster": 3}, {"x": 0.6, "y": 0.91, "cluster": 2}, {"x": 2.01, "y": -0.4, "cluster": 3}, {"x": 2.29, "y": 0.88, "cluster": 2}, {"x": -2.08, "y": -1.5, "cluster": 0}, {"x": -3.06, "y": -1.47, "cluster": 0}, {"x": -0.8, "y": 1.72, "cluster": 1}, {"x": -0.84, "y": 2.24, "cluster": 1}, {"x": -2.27, "y": -0.2, "cluster": 0}, {"x": -0.75, "y": 1.43, "cluster": 1}, {"x": 1.09, "y": -0.49, "cluster": 2}, {"x": -2.58, "y": -1.01, "cluster": 0}, {"x": -0.74, "y": 0.48, "cluster": 1}, {"x": -2.41, "y": -1.31, "cluster": 0}, {"x": -2.68, "y": -1.2, "cluster": 0}, {"x": 2.76, "y": -0.29, "cluster": 3}, {"x": -0.84, "y": 1.74, "cluster": 1}, {"x": 4.85, "y": -1.82, "cluster": 3}, {"x": -0.75, "y": 1.56, "cluster": 1}, {"x": -0.9, "y": 1.16, "cluster": 1}, {"x": 1.91, "y": 0.34, "cluster": 2}, {"x": 2.05, "y": -0.51, "cluster": 3}, {"x": 2.54, "y": -1.48, "cluster": 3}, {"x": -0.4, "y": 2.32, "cluster": 1}, {"x": 0.8, "y": -0.18, "cluster": 2}, {"x": 1.27, "y": 1.13, "cluster": 2}, {"x": -0.81, "y": 1.11, "cluster": 1}, {"x": -0.9, "y": 1.34, "cluster": 1}, {"x": -0.58, "y": 1.3, "cluster": 1}, {"x": 1.02, "y": -0.82, "cluster": 2}, {"x": -0.81, "y": 1.87, "cluster": 1}, {"x": 1.96, "y": 0.01, "cluster": 2}, {"x": -0.98, "y": 1.62, "cluster": 1}, {"x": 3.63, "y": 0.62, "cluster": 3}, {"x": 1.78, "y": -1.1, "cluster": 2}, {"x": 0.56, "y": -0.03, "cluster": 2}, {"x": 1.66, "y": -0.13, "cluster": 2}, {"x": 0.23, "y": -0.32, "cluster": 2}, {"x": 0.93, "y": 0.54, "cluster": 2}, {"x": 0.68, "y": -0.55, "cluster": 2}, {"x": 0.97, "y": 0.91, "cluster": 2}, {"x": -1.26, "y": -0.01, "cluster": 1}, {"x": 2.57, "y": 1.08, "cluster": 3}, {"x": 1.6, "y": -0.79, "cluster": 3}, {"x": -1.15, "y": 0.56, "cluster": 1}, {"x": 1.82, "y": 0.06, "cluster": 3}, {"x": -0.34, "y": 2.51, "cluster": 1}, {"x": 3.99, "y": -1.64, "cluster": 3}, {"x": -2.31, "y": -0.39, "cluster": 0}, {"x": -0.98, "y": 1.51, "cluster": 1}, {"x": -0.73, "y": 2.0, "cluster": 1}, {"x": 2.57, "y": -0.78, "cluster": 3}, {"x": -2.45, "y": -0.96, "cluster": 0}, {"x": -1.11, "y": 2.39, "cluster": 1}, {"x": -2.73, "y": -0.64, "cluster": 0}, {"x": -2.53, "y": -0.99, "cluster": 0}, {"x": 0.8, "y": 0.05, "cluster": 2}, {"x": 1.8, "y": -0.79, "cluster": 2}, {"x": 0.81, "y": 0.96, "cluster": 2}, {"x": 2.12, "y": 0.03, "cluster": 2}, {"x": -1.22, "y": 1.31, "cluster": 1}, {"x": -0.79, "y": 0.89, "cluster": 1}, {"x": -0.82, "y": 1.82, "cluster": 1}, {"x": -1.24, "y": 0.88, "cluster": 1}, {"x": 0.52, "y": 0.66, "cluster": 2}, {"x": 2.74, "y": -0.59, "cluster": 3}, {"x": -2.46, "y": -0.61, "cluster": 0}, {"x": -0.49, "y": 1.41, "cluster": 1}, {"x": -0.64, "y": 1.76, "cluster": 1}, {"x": -2.47, "y": -0.33, "cluster": 0}, {"x": 1.64, "y": -0.83, "cluster": 2}, {"x": 3.15, "y": 0.17, "cluster": 3}, {"x": 3.4, "y": 0.43, "cluster": 3}, {"x": -0.9, "y": 2.52, "cluster": 1}, {"x": 1.79, "y": -0.36, "cluster": 2}, {"x": -2.53, "y": -1.01, "cluster": 0}, {"x": 2.99, "y": 0.21, "cluster": 3}, {"x": -3.06, "y": -0.86, "cluster": 0}, {"x": 1.42, "y": -0.47, "cluster": 2}, {"x": 2.44, "y": -0.69,