{"silhouette_score": 0.2951, "inertia": 3105.85, "features": ["Recency", "Frequency", "Monetary_Log", "Avg_Items", "Unique_Products", "Wishlist_Count", "Add_to_Cart_Count", "Page_Views"], "feature_readable": ["Recency", "Frequency", "Monetary", "Avg Items", "Unique Prod", "Wishlist", "Add Cart", "Views"], "cluster_names": ["Newbie", "Window Shopper", "Loyalist", "Sultan"], "centroids_scaled": [[1.5548589763901919, -1.0076296368106743, -1.236947282990747, 0.009639666714494968, -0.7415231173256193, -0.011959052490906832, -0.9916187845220982, -1.200314829822427], [-0.18202224907995107, -0.7372889103556766, -0.5246511211413053, -0.08601948758729766, -0.5480497246419312, 0.015093362145571167, -0.7449595560536538, 1.1917903197012767], [-0.6882986576034213, 0.5664339246205627, 0.839682986610666, -0.08647264448017426, 0.036235508176276326, 0.016806310105727477, 0.5616961663225194, -0.04148927856978123], [-0.6858611825156287, 1.43337997695923, 0.9628427722029833, 0.26370052575238184, 1.7489306859098022, -0.034794923144663974, 1.4302532320812522, 0.08009772826677602]], "centroids_real": [{"Recency": 61.092, "Frequency": 1.8720000000000105, "Avg_Items": 3.046, "Unique_Products": 1.4439999999999964, "Wishlist_Count": 4.992, "Add_to_Cart_Count": 4.540000000000001, "Page_Views": 5.6880000000000095, "Monetary": 27.1902962829175}, {"Recency": 18.09163346613546, "Frequency": 5.6852589641434275, "Avg_Items": 2.933864541832669, "Unique_Products": 3.2709163346613543, "Wishlist_Count": 5.075697211155378, "Add_to_Cart_Count": 8.02788844621514, "Page_Views": 100.20717131474103, "Monetary": 121.59746159591853}, {"Recency": 5.557632398753899, "Frequency": 24.07476635514019, "Avg_Items": 2.9333333333333336, "Unique_Products": 8.78816199376947, "Wishlist_Count": 5.080996884735202, "Add_to_Cart_Count": 26.50467289719626, "Page_Views": 51.47663551401869, "Monetary": 2046.5752805722832}, {"Recency": 5.617977528089888, "Frequency": 36.30337078651685, "Avg_Items": 3.343820224719101, "Unique_Products": 24.960674157303373, "Wishlist_Count": 4.921348314606742, "Add_to_Cart_Count": 38.78651685393258, "Page_Views": 56.28089887640449, "Monetary": 2639.0945747974265}], "cluster_counts": {"0": 250, "1": 251, "2": 321, "3": 178}, "pca_variance": [50.16, 15.26], "elbow_curve": {"2": 4811.11, "3": 3619.6, "4": 3105.85, "5": 2811.58, "6": 2611.11, "7": 2411.48, "8": 2233.11, "9": 2114.86}, "global_stats": {"mean": [22.598, 16.085, 5.891601521063727, 3.0347, 8.446, 5.029, 18.562, 53.116], "std": [24.757229166447523, 14.105381065394866, 2.063647934621455, 1.1722396981846332, 9.44272651303637, 3.093890592765038, 14.140514700674794, 39.51296678307009]}}